<?xml version="1.0" encoding="UTF-8"?>
<project-private xmlns="http://www.netbeans.org/ns/project-private/1">
    <editor-bookmarks xmlns="http://www.netbeans.org/ns/editor-bookmarks/2" lastBookmarkId="0"/>
    <open-files xmlns="http://www.netbeans.org/ns/projectui-open-files/2">
        <group>
            <file>file:/C:/Users/User/OneDrive/Documents/Netbeans%20project/LoginAndSignUp/src/loginandsignup/Login.java</file>
            <file>file:/C:/Users/User/OneDrive/Documents/Netbeans%20project/LoginAndSignUp/src/loginandsignup/SignUp.java</file>
            <file>file:/C:/Users/User/OneDrive/Documents/Netbeans%20project/LoginAndSignUp/src/loginandsignup/LoginAndSignUp.java</file>
            <file>file:/C:/Users/User/OneDrive/Documents/Netbeans%20project/LoginAndSignUp/src/loginandsignup/Home1.java</file>
        </group>
    </open-files>
</project-private>
